name,coordinate,altitude,color,timezone,sza,area
Toulouse,"[1.0, 43.0]",120.0,blue,Etc/GMT+2,0,False
Paris,"[2.0, 45.0]",120.0,orange,Etc/GMT+2,0,False
Iceland,"[(67.27164424823405, -25.638553338864767), (67.94126275262336, -11.576053338864796), (63.85958156696241, -11.048709588864796), (63.704265593178064, -27.396365838864767)]",2.0,red,Etc/GMT+0,0,True
Algérie,"[(35.13410865752682, -2.0383066070810685), (32.35750874358909, -1.247290982081097), (31.985531327846516, -3.180884732081097), (30.8605525190671, -3.796119107081097), (29.416444286652943, -5.729712857081097), (28.647984565076623, -8.630103482081097), (27.32863924702375, -8.805884732081097), (19.18232318409205, 3.147240267918903), (23.438858878958442, 12.112084017918903), (26.387739574300127, 9.387474642918903), (30.255084724727624, 9.387474642918903), (34.048839379083596, 7.365990267918903), (36.98132012069083, 8.596459017918903), (36.91107791929826, 4.026146517918903), (36.346813544727645, 0.9499746429189031)]",22.0,green,Etc/GMT+1,0,True
